Disease,Symptom_1,Symptom_2,Symptom_3,Symptom_4,Symptom_5,Symptom_6,Symptom_7,Symptom_8,Symptom_9,Symptom_10,Symptom_11,Symptom_12,Symptom_13,Symptom_14,Symptom_15,Symptom_16,Symptom_17
fungal infection,itching,skin_rash,nodal_skin_eruptions,dischromic _patches,none,none,none,none,none,none,none,none,none,none,none,none,none
fungal infection,skin_rash,nodal_skin_eruptions,dischromic _patches,none,none,none,none,none,none,none,none,none,none,none,none,none,none
fungal infection,itching,nodal_skin_eruptions,dischromic _patches,none,none,none,none,none,none,none,none,none,none,none,none,none,none
fungal infection,itching,skin_rash,dischromic _patches,none,none,none,none,none,none,none,none,none,none,none,none,none,none
fungal infection,itching,skin_rash,nodal_skin_eruptions,none,none,none,none,none,none,none,none,none,none,none,none,none,none
allergy,continuous_sneezing,shivering,chills,watering_from_eyes,none,none,none,none,none,none,none,none,none,none,none,none,none
allergy,shivering,chills,watering_from_eyes,none,none,none,none,none,none,none,none,none,none,none,none,none,none
allergy,continuous_sneezing,chills,watering_from_eyes,none,none,none,none,none,none,none,none,none,none,none,none,none,none
allergy,continuous_sneezing,shivering,watering_from_eyes,none,none,none,none,none,none,none,none,none,none,none,none,none,none
allergy,continuous_sneezing,shivering,chills,none,none,none,none,none,none,none,none,none,none,none,none,none,none
gerd,stomach_pain,acidity,ulcers_on_tongue,vomiting,cough,chest_pain,none,none,none,none,none,none,none,none,none,none,none
gerd,stomach_pain,ulcers_on_tongue,vomiting,cough,chest_pain,none,none,none,none,none,none,none,none,none,none,none,none
gerd,stomach_pain,acidity,vomiting,cough,chest_pain,none,none,none,none,none,none,none,none,none,none,none,none
gerd,stomach_pain,acidity,ulcers_on_tongue,cough,chest_pain,none,none,none,none,none,none,none,none,none,none,none,none
gerd,stomach_pain,acidity,ulcers_on_tongue,vomiting,chest_pain,none,none,none,none,none,none,none,none,none,none,none,none
gerd,stomach_pain,acidity,ulcers_on_tongue,vomiting,cough,none,none,none,none,none,none,none,none,none,none,none,none
gerd,acidity,ulcers_on_tongue,vomiting,cough,chest_pain,none,none,none,none,none,none,none,none,none,none,none,none
chronic cholestasis,itching,vomiting,yellowish_skin,nausea,loss_of_appetite,abdominal_pain,yellowing_of_eyes,none,none,none,none,none,none,none,none,none,none
chronic cholestasis,vomiting,yellowish_skin,nausea,loss_of_appetite,abdominal_pain,yellowing_of_eyes,none,none,none,none,none,none,none,none,none,none,none
chronic cholestasis,itching,yellowish_skin,nausea,loss_of_appetite,abdominal_pain,yellowing_of_eyes,none,none,none,none,none,none,none,none,none,none,none
chronic cholestasis,itching,vomiting,nausea,loss_of_appetite,abdominal_pain,yellowing_of_eyes,none,none,none,none,none,none,none,none,none,none,none
chronic cholestasis,itching,vomiting,yellowish_skin,loss_of_appetite,abdominal_pain,yellowing_of_eyes,none,none,none,none,none,none,none,none,none,none,none
chronic cholestasis,itching,vomiting,yellowish_skin,nausea,abdominal_pain,yellowing_of_eyes,none,none,none,none,none,none,none,none,none,none,none
chronic cholestasis,itching,vomiting,yellowish_skin,nausea,loss_of_appetite,yellowing_of_eyes,none,none,none,none,none,none,none,none,none,none,none
chronic cholestasis,itching,vomiting,yellowish_skin,nausea,loss_of_appetite,abdominal_pain,none,none,none,none,none,none,none,none,none,none,none
drug reaction,itching,skin_rash,stomach_pain,burning_micturition,spotting_ urination,none,none,none,none,none,none,none,none,none,none,none,none
drug reaction,itching,stomach_pain,burning_micturition,spotting_ urination,none,none,none,none,none,none,none,none,none,none,none,none,none
drug reaction,itching,skin_rash,burning_micturition,spotting_ urination,none,none,none,none,none,none,none,none,none,none,none,none,none
drug reaction,itching,skin_rash,stomach_pain,spotting_ urination,none,none,none,none,none,none,none,none,none,none,none,none,none
drug reaction,itching,skin_rash,stomach_pain,burning_micturition,none,none,none,none,none,none,none,none,none,none,none,none,none
drug reaction,skin_rash,stomach_pain,burning_micturition,spotting_ urination,none,none,none,none,none,none,none,none,none,none,none,none,none
peptic ulcer diseae,vomiting,loss_of_appetite,abdominal_pain,passage_of_gases,internal_itching,none,none,none,none,none,none,none,none,none,none,none,none
peptic ulcer diseae,vomiting,indigestion,abdominal_pain,passage_of_gases,internal_itching,none,none,none,none,none,none,none,none,none,none,none,none
peptic ulcer diseae,indigestion,loss_of_appetite,abdominal_pain,passage_of_gases,internal_itching,none,none,none,none,none,none,none,none,none,none,none,none
peptic ulcer diseae,vomiting,indigestion,loss_of_appetite,passage_of_gases,internal_itching,none,none,none,none,none,none,none,none,none,none,none,none
peptic ulcer diseae,vomiting,indigestion,loss_of_appetite,abdominal_pain,internal_itching,none,none,none,none,none,none,none,none,none,none,none,none
peptic ulcer diseae,vomiting,indigestion,loss_of_appetite,abdominal_pain,passage_of_gases,none,none,none,none,none,none,none,none,none,none,none,none
peptic ulcer diseae,vomiting,indigestion,loss_of_appetite,abdominal_pain,passage_of_gases,internal_itching,none,none,none,none,none,none,none,none,none,none,none
aids,muscle_wasting,patches_in_throat,high_fever,extra_marital_contacts,none,none,none,none,none,none,none,none,none,none,none,none,none
aids,patches_in_throat,high_fever,extra_marital_contacts,none,none,none,none,none,none,none,none,none,none,none,none,none,none
aids,muscle_wasting,high_fever,extra_marital_contacts,none,none,none,none,none,none,none,none,none,none,none,none,none,none
aids,muscle_wasting,patches_in_throat,extra_marital_contacts,none,none,none,none,none,none,none,none,none,none,none,none,none,none
aids,muscle_wasting,patches_in_throat,high_fever,none,none,none,none,none,none,none,none,none,none,none,none,none,none
diabetes,fatigue,weight_loss,restlessness,lethargy,irregular_sugar_level,blurred_and_distorted_vision,obesity,excessive_hunger,increased_appetite,polyuria,none,none,none,none,none,none,none
diabetes,weight_loss,restlessness,lethargy,irregular_sugar_level,blurred_and_distorted_vision,obesity,excessive_hunger,increased_appetite,polyuria,none,none,none,none,none,none,none,none
diabetes,fatigue,restlessness,lethargy,irregular_sugar_level,blurred_and_distorted_vision,obesity,excessive_hunger,increased_appetite,polyuria,none,none,none,none,none,none,none,none
diabetes,fatigue,weight_loss,lethargy,irregular_sugar_level,blurred_and_distorted_vision,obesity,excessive_hunger,increased_appetite,polyuria,none,none,none,none,none,none,none,none
diabetes,fatigue,weight_loss,restlessness,irregular_sugar_level,blurred_and_distorted_vision,obesity,excessive_hunger,increased_appetite,polyuria,none,none,none,none,none,none,none,none
diabetes,fatigue,weight_loss,restlessness,lethargy,blurred_and_distorted_vision,obesity,excessive_hunger,increased_appetite,polyuria,none,none,none,none,none,none,none,none
diabetes,fatigue,weight_loss,restlessness,lethargy,irregular_sugar_level,obesity,excessive_hunger,increased_appetite,polyuria,none,none,none,none,none,none,none,none
diabetes,fatigue,weight_loss,restlessness,lethargy,irregular_sugar_level,blurred_and_distorted_vision,excessive_hunger,increased_appetite,polyuria,none,none,none,none,none,none,none,none
diabetes,fatigue,weight_loss,restlessness,lethargy,irregular_sugar_level,blurred_and_distorted_vision,obesity,increased_appetite,polyuria,none,none,none,none,none,none,none,none
gastroenteritis,vomiting,sunken_eyes,dehydration,diarrhoea,none,none,none,none,none,none,none,none,none,none,none,none,none
gastroenteritis,sunken_eyes,dehydration,diarrhoea,none,none,none,none,none,none,none,none,none,none,none,none,none,none
gastroenteritis,vomiting,dehydration,diarrhoea,none,none,none,none,none,none,none,none,none,none,none,none,none,none
gastroenteritis,vomiting,sunken_eyes,diarrhoea,none,none,none,none,none,none,none,none,none,none,none,none,none,none
gastroenteritis,vomiting,sunken_eyes,dehydration,none,none,none,none,none,none,none,none,none,none,none,none,none,none
bronchial asthma,fatigue,cough,high_fever,breathlessness,family_history,mucoid_sputum,none,none,none,none,none,none,none,none,none,none,none
bronchial asthma,cough,high_fever,breathlessness,family_history,mucoid_sputum,none,none,none,none,none,none,none,none,none,none,none,none
bronchial asthma,fatigue,high_fever,breathlessness,family_history,mucoid_sputum,none,none,none,none,none,none,none,none,none,none,none,none
bronchial asthma,fatigue,cough,breathlessness,family_history,mucoid_sputum,none,none,none,none,none,none,none,none,none,none,none,none
bronchial asthma,fatigue,cough,high_fever,family_history,mucoid_sputum,none,none,none,none,none,none,none,none,none,none,none,none
bronchial asthma,fatigue,cough,high_fever,breathlessness,mucoid_sputum,none,none,none,none,none,none,none,none,none,none,none,none
bronchial asthma,fatigue,cough,high_fever,breathlessness,family_history,none,none,none,none,none,none,none,none,none,none,none,none
hypertension,headache,chest_pain,dizziness,loss_of_balance,lack_of_concentration,none,none,none,none,none,none,none,none,none,none,none,none
hypertension,chest_pain,dizziness,loss_of_balance,lack_of_concentration,none,none,none,none,none,none,none,none,none,none,none,none,none
hypertension,headache,dizziness,loss_of_balance,lack_of_concentration,none,none,none,none,none,none,none,none,none,none,none,none,none
hypertension,headache,chest_pain,loss_of_balance,lack_of_concentration,none,none,none,none,none,none,none,none,none,none,none,none,none
hypertension,headache,chest_pain,dizziness,lack_of_concentration,none,none,none,none,none,none,none,none,none,none,none,none,none
hypertension,headache,chest_pain,dizziness,loss_of_balance,none,none,none,none,none,none,none,none,none,none,none,none,none
migraine,acidity,indigestion,headache,blurred_and_distorted_vision,excessive_hunger,stiff_neck,depression,irritability,visual_disturbances,none,none,none,none,none,none,none,none
migraine,indigestion,headache,blurred_and_distorted_vision,excessive_hunger,stiff_neck,depression,irritability,visual_disturbances,none,none,none,none,none,none,none,none,none
migraine,acidity,headache,blurred_and_distorted_vision,excessive_hunger,stiff_neck,depression,irritability,visual_disturbances,none,none,none,none,none,none,none,none,none
migraine,acidity,indigestion,blurred_and_distorted_vision,excessive_hunger,stiff_neck,depression,irritability,visual_disturbances,none,none,none,none,none,none,none,none,none
migraine,acidity,indigestion,headache,excessive_hunger,stiff_neck,depression,irritability,visual_disturbances,none,none,none,none,none,none,none,none,none
migraine,acidity,indigestion,headache,blurred_and_distorted_vision,stiff_neck,depression,irritability,visual_disturbances,none,none,none,none,none,none,none,none,none
migraine,acidity,indigestion,headache,blurred_and_distorted_vision,excessive_hunger,depression,irritability,visual_disturbances,none,none,none,none,none,none,none,none,none
migraine,acidity,indigestion,headache,blurred_and_distorted_vision,excessive_hunger,stiff_neck,irritability,visual_disturbances,none,none,none,none,none,none,none,none,none
migraine,acidity,indigestion,headache,blurred_and_distorted_vision,excessive_hunger,stiff_neck,depression,visual_disturbances,none,none,none,none,none,none,none,none,none
migraine,acidity,indigestion,headache,blurred_and_distorted_vision,excessive_hunger,stiff_neck,depression,irritability,none,none,none,none,none,none,none,none,none
cervical spondylosis,back_pain,weakness_in_limbs,neck_pain,dizziness,loss_of_balance,none,none,none,none,none,none,none,none,none,none,none,none
cervical spondylosis,weakness_in_limbs,neck_pain,dizziness,loss_of_balance,none,none,none,none,none,none,none,none,none,none,none,none,none
cervical spondylosis,back_pain,neck_pain,dizziness,loss_of_balance,none,none,none,none,none,none,none,none,none,none,none,none,none
cervical spondylosis,back_pain,weakness_in_limbs,dizziness,loss_of_balance,none,none,none,none,none,none,none,none,none,none,none,none,none
cervical spondylosis,back_pain,weakness_in_limbs,neck_pain,loss_of_balance,none,none,none,none,none,none,none,none,none,none,none,none,none
cervical spondylosis,back_pain,weakness_in_limbs,neck_pain,dizziness,none,none,none,none,none,none,none,none,none,none,none,none,none
paralysis (brain hemorrhage),vomiting,headache,weakness_of_one_body_side,altered_sensorium,none,none,none,none,none,none,none,none,none,none,none,none,none
paralysis (brain hemorrhage),headache,weakness_of_one_body_side,altered_sensorium,none,none,none,none,none,none,none,none,none,none,none,none,none,none
paralysis (brain hemorrhage),vomiting,weakness_of_one_body_side,altered_sensorium,none,none,none,none,none,none,none,none,none,none,none,none,none,none
paralysis (brain hemorrhage),vomiting,headache,altered_sensorium,none,none,none,none,none,none,none,none,none,none,none,none,none,none
paralysis (brain hemorrhage),vomiting,headache,weakness_of_one_body_side,none,none,none,none,none,none,none,none,none,none,none,none,none,none
jaundice,itching,vomiting,fatigue,weight_loss,high_fever,yellowish_skin,dark_urine,abdominal_pain,none,none,none,none,none,none,none,none,none
jaundice,vomiting,fatigue,weight_loss,high_fever,yellowish_skin,dark_urine,abdominal_pain,none,none,none,none,none,none,none,none,none,none
jaundice,itching,fatigue,weight_loss,high_fever,yellowish_skin,dark_urine,abdominal_pain,none,none,none,none,none,none,none,none,none,none
jaundice,itching,vomiting,weight_loss,high_fever,yellowish_skin,dark_urine,abdominal_pain,none,none,none,none,none,none,none,none,none,none
jaundice,itching,vomiting,fatigue,high_fever,yellowish_skin,dark_urine,abdominal_pain,none,none,none,none,none,none,none,none,none,none
jaundice,itching,vomiting,fatigue,weight_loss,yellowish_skin,dark_urine,abdominal_pain,none,none,none,none,none,none,none,none,none,none
jaundice,itching,vomiting,fatigue,weight_loss,high_fever,dark_urine,abdominal_pain,none,none,none,none,none,none,none,none,none,none
jaundice,itching,vomiting,fatigue,weight_loss,high_fever,yellowish_skin,abdominal_pain,none,none,none,none,none,none,none,none,none,none
jaundice,itching,vomiting,fatigue,weight_loss,high_fever,yellowish_skin,dark_urine,none,none,none,none,none,none,none,none,none,none
malaria,chills,vomiting,high_fever,sweating,headache,nausea,muscle_pain,none,none,none,none,none,none,none,none,none,none
malaria,chills,vomiting,high_fever,sweating,headache,nausea,diarrhoea,muscle_pain,none,none,none,none,none,none,none,none,none
malaria,vomiting,high_fever,sweating,headache,nausea,diarrhoea,muscle_pain,none,none,none,none,none,none,none,none,none,none
malaria,chills,high_fever,sweating,headache,nausea,diarrhoea,muscle_pain,none,none,none,none,none,none,none,none,none,none
malaria,chills,vomiting,sweating,headache,nausea,diarrhoea,muscle_pain,none,none,none,none,none,none,none,none,none,none
malaria,chills,vomiting,high_fever,headache,nausea,diarrhoea,muscle_pain,none,none,none,none,none,none,none,none,none,none
malaria,chills,vomiting,high_fever,sweating,nausea,diarrhoea,muscle_pain,none,none,none,none,none,none,none,none,none,none
malaria,chills,vomiting,high_fever,sweating,headache,diarrhoea,muscle_pain,none,none,none,none,none,none,none,none,none,none
chicken pox,itching,skin_rash,fatigue,lethargy,high_fever,headache,loss_of_appetite,mild_fever,swelled_lymph_nodes,malaise,red_spots_over_body,none,none,none,none,none,none
chicken pox,skin_rash,fatigue,lethargy,high_fever,headache,loss_of_appetite,mild_fever,swelled_lymph_nodes,malaise,red_spots_over_body,none,none,none,none,none,none,none
chicken pox,itching,fatigue,lethargy,high_fever,headache,loss_of_appetite,mild_fever,swelled_lymph_nodes,malaise,red_spots_over_body,none,none,none,none,none,none,none
chicken pox,itching,skin_rash,lethargy,high_fever,headache,loss_of_appetite,mild_fever,swelled_lymph_nodes,malaise,red_spots_over_body,none,none,none,none,none,none,none
chicken pox,itching,skin_rash,fatigue,high_fever,headache,loss_of_appetite,mild_fever,swelled_lymph_nodes,malaise,red_spots_over_body,none,none,none,none,none,none,none
chicken pox,itching,skin_rash,fatigue,lethargy,headache,loss_of_appetite,mild_fever,swelled_lymph_nodes,malaise,red_spots_over_body,none,none,none,none,none,none,none
chicken pox,itching,skin_rash,fatigue,lethargy,high_fever,loss_of_appetite,mild_fever,swelled_lymph_nodes,malaise,red_spots_over_body,none,none,none,none,none,none,none
chicken pox,itching,skin_rash,fatigue,lethargy,high_fever,headache,mild_fever,swelled_lymph_nodes,malaise,red_spots_over_body,none,none,none,none,none,none,none
chicken pox,itching,skin_rash,fatigue,lethargy,high_fever,headache,loss_of_appetite,swelled_lymph_nodes,malaise,red_spots_over_body,none,none,none,none,none,none,none
chicken pox,itching,skin_rash,fatigue,lethargy,high_fever,headache,loss_of_appetite,mild_fever,malaise,red_spots_over_body,none,none,none,none,none,none,none
dengue,skin_rash,chills,joint_pain,vomiting,fatigue,high_fever,headache,nausea,loss_of_appetite,pain_behind_the_eyes,back_pain,muscle_pain,red_spots_over_body,none,none,none,none
dengue,skin_rash,chills,joint_pain,vomiting,fatigue,high_fever,headache,nausea,loss_of_appetite,pain_behind_the_eyes,back_pain,malaise,red_spots_over_body,none,none,none,none
dengue,skin_rash,chills,joint_pain,vomiting,fatigue,high_fever,headache,nausea,loss_of_appetite,pain_behind_the_eyes,back_pain,malaise,muscle_pain,none,none,none,none
dengue,skin_rash,chills,joint_pain,vomiting,fatigue,high_fever,headache,nausea,loss_of_appetite,pain_behind_the_eyes,back_pain,malaise,muscle_pain,red_spots_over_body,none,none,none
dengue,chills,joint_pain,vomiting,fatigue,high_fever,headache,nausea,loss_of_appetite,pain_behind_the_eyes,back_pain,malaise,muscle_pain,red_spots_over_body,none,none,none,none
dengue,skin_rash,joint_pain,vomiting,fatigue,high_fever,headache,nausea,loss_of_appetite,pain_behind_the_eyes,back_pain,malaise,muscle_pain,red_spots_over_body,none,none,none,none
dengue,skin_rash,chills,vomiting,fatigue,high_fever,headache,nausea,loss_of_appetite,pain_behind_the_eyes,back_pain,malaise,muscle_pain,red_spots_over_body,none,none,none,none
dengue,skin_rash,chills,joint_pain,fatigue,high_fever,headache,nausea,loss_of_appetite,pain_behind_the_eyes,back_pain,malaise,muscle_pain,red_spots_over_body,none,none,none,none
dengue,skin_rash,chills,joint_pain,vomiting,high_fever,headache,nausea,loss_of_appetite,pain_behind_the_eyes,back_pain,malaise,muscle_pain,red_spots_over_body,none,none,none,none
dengue,skin_rash,chills,joint_pain,vomiting,fatigue,headache,nausea,loss_of_appetite,pain_behind_the_eyes,back_pain,malaise,muscle_pain,red_spots_over_body,none,none,none,none
typhoid,chills,vomiting,fatigue,high_fever,nausea,constipation,abdominal_pain,diarrhoea,toxic_look_(typhos),belly_pain,none,none,none,none,none,none,none
typhoid,chills,vomiting,fatigue,high_fever,headache,constipation,abdominal_pain,diarrhoea,toxic_look_(typhos),belly_pain,none,none,none,none,none,none,none
typhoid,chills,vomiting,fatigue,high_fever,headache,nausea,abdominal_pain,diarrhoea,toxic_look_(typhos),belly_pain,none,none,none,none,none,none,none
typhoid,chills,vomiting,fatigue,high_fever,headache,nausea,constipation,diarrhoea,toxic_look_(typhos),belly_pain,none,none,none,none,none,none,none
typhoid,chills,vomiting,fatigue,high_fever,headache,nausea,constipation,abdominal_pain,toxic_look_(typhos),belly_pain,none,none,none,none,none,none,none
typhoid,chills,vomiting,fatigue,high_fever,headache,nausea,constipation,abdominal_pain,diarrhoea,belly_pain,none,none,none,none,none,none,none
typhoid,chills,vomiting,fatigue,high_fever,headache,nausea,constipation,abdominal_pain,diarrhoea,toxic_look_(typhos),none,none,none,none,none,none,none
typhoid,chills,vomiting,fatigue,high_fever,headache,nausea,constipation,abdominal_pain,diarrhoea,toxic_look_(typhos),belly_pain,none,none,none,none,none,none
typhoid,chills,fatigue,high_fever,headache,nausea,constipation,abdominal_pain,diarrhoea,toxic_look_(typhos),belly_pain,none,none,none,none,none,none,none
hepatitis a,joint_pain,vomiting,yellowish_skin,dark_urine,nausea,loss_of_appetite,abdominal_pain,diarrhoea,mild_fever,yellowing_of_eyes,muscle_pain,none,none,none,none,none,none
hepatitis a,vomiting,yellowish_skin,dark_urine,nausea,loss_of_appetite,abdominal_pain,diarrhoea,mild_fever,yellowing_of_eyes,muscle_pain,none,none,none,none,none,none,none
hepatitis a,joint_pain,yellowish_skin,dark_urine,nausea,loss_of_appetite,abdominal_pain,diarrhoea,mild_fever,yellowing_of_eyes,muscle_pain,none,none,none,none,none,none,none
hepatitis a,joint_pain,vomiting,dark_urine,nausea,loss_of_appetite,abdominal_pain,diarrhoea,mild_fever,yellowing_of_eyes,muscle_pain,none,none,none,none,none,none,none
hepatitis a,joint_pain,vomiting,yellowish_skin,nausea,loss_of_appetite,abdominal_pain,diarrhoea,mild_fever,yellowing_of_eyes,muscle_pain,none,none,none,none,none,none,none
hepatitis a,joint_pain,vomiting,yellowish_skin,dark_urine,loss_of_appetite,abdominal_pain,diarrhoea,mild_fever,yellowing_of_eyes,muscle_pain,none,none,none,none,none,none,none
hepatitis a,joint_pain,vomiting,yellowish_skin,dark_urine,nausea,abdominal_pain,diarrhoea,mild_fever,yellowing_of_eyes,muscle_pain,none,none,none,none,none,none,none
hepatitis a,joint_pain,vomiting,yellowish_skin,dark_urine,nausea,loss_of_appetite,diarrhoea,mild_fever,yellowing_of_eyes,muscle_pain,none,none,none,none,none,none,none
hepatitis a,joint_pain,vomiting,yellowish_skin,dark_urine,nausea,loss_of_appetite,abdominal_pain,mild_fever,yellowing_of_eyes,muscle_pain,none,none,none,none,none,none,none
hepatitis b,itching,fatigue,lethargy,yellowish_skin,dark_urine,loss_of_appetite,abdominal_pain,yellow_urine,yellowing_of_eyes,malaise,receiving_blood_transfusion,receiving_unsterile_injections,none,none,none,none,none
hepatitis b,fatigue,lethargy,yellowish_skin,dark_urine,loss_of_appetite,abdominal_pain,yellow_urine,yellowing_of_eyes,malaise,receiving_blood_transfusion,receiving_unsterile_injections,none,none,none,none,none,none
hepatitis b,itching,lethargy,yellowish_skin,dark_urine,loss_of_appetite,abdominal_pain,yellow_urine,yellowing_of_eyes,malaise,receiving_blood_transfusion,receiving_unsterile_injections,none,none,none,none,none,none
hepatitis b,itching,fatigue,yellowish_skin,dark_urine,loss_of_appetite,abdominal_pain,yellow_urine,yellowing_of_eyes,malaise,receiving_blood_transfusion,receiving_unsterile_injections,none,none,none,none,none,none
hepatitis b,itching,fatigue,lethargy,dark_urine,loss_of_appetite,abdominal_pain,yellow_urine,yellowing_of_eyes,malaise,receiving_blood_transfusion,receiving_unsterile_injections,none,none,none,none,none,none
hepatitis b,itching,fatigue,lethargy,yellowish_skin,loss_of_appetite,abdominal_pain,yellow_urine,yellowing_of_eyes,malaise,receiving_blood_transfusion,receiving_unsterile_injections,none,none,none,none,none,none
hepatitis b,itching,fatigue,lethargy,yellowish_skin,dark_urine,abdominal_pain,yellow_urine,yellowing_of_eyes,malaise,receiving_blood_transfusion,receiving_unsterile_injections,none,none,none,none,none,none
hepatitis b,itching,fatigue,lethargy,yellowish_skin,dark_urine,loss_of_appetite,yellow_urine,yellowing_of_eyes,malaise,receiving_blood_transfusion,receiving_unsterile_injections,none,none,none,none,none,none
hepatitis b,itching,fatigue,lethargy,yellowish_skin,dark_urine,loss_of_appetite,abdominal_pain,yellowing_of_eyes,malaise,receiving_blood_transfusion,receiving_unsterile_injections,none,none,none,none,none,none
hepatitis c,fatigue,yellowish_skin,nausea,loss_of_appetite,family_history,none,none,none,none,none,none,none,none,none,none,none,none
hepatitis c,fatigue,yellowish_skin,nausea,loss_of_appetite,yellowing_of_eyes,family_history,none,none,none,none,none,none,none,none,none,none,none
hepatitis c,yellowish_skin,nausea,loss_of_appetite,yellowing_of_eyes,family_history,none,none,none,none,none,none,none,none,none,none,none,none
hepatitis c,fatigue,nausea,loss_of_appetite,yellowing_of_eyes,family_history,none,none,none,none,none,none,none,none,none,none,none,none
hepatitis c,fatigue,yellowish_skin,loss_of_appetite,yellowing_of_eyes,family_history,none,none,none,none,none,none,none,none,none,none,none,none
hepatitis c,fatigue,yellowish_skin,nausea,yellowing_of_eyes,family_history,none,none,none,none,none,none,none,none,none,none,none,none
hepatitis c,fatigue,yellowish_skin,nausea,loss_of_appetite,yellowing_of_eyes,none,none,none,none,none,none,none,none,none,none,none,none
hepatitis d,joint_pain,vomiting,fatigue,yellowish_skin,dark_urine,nausea,loss_of_appetite,abdominal_pain,yellowing_of_eyes,none,none,none,none,none,none,none,none
hepatitis d,vomiting,fatigue,yellowish_skin,dark_urine,nausea,loss_of_appetite,abdominal_pain,yellowing_of_eyes,none,none,none,none,none,none,none,none,none
hepatitis d,joint_pain,fatigue,yellowish_skin,dark_urine,nausea,loss_of_appetite,abdominal_pain,yellowing_of_eyes,none,none,none,none,none,none,none,none,none
hepatitis d,joint_pain,vomiting,yellowish_skin,dark_urine,nausea,loss_of_appetite,abdominal_pain,yellowing_of_eyes,none,none,none,none,none,none,none,none,none
hepatitis d,joint_pain,vomiting,fatigue,dark_urine,nausea,loss_of_appetite,abdominal_pain,yellowing_of_eyes,none,none,none,none,none,none,none,none,none
hepatitis d,joint_pain,vomiting,fatigue,yellowish_skin,nausea,loss_of_appetite,abdominal_pain,yellowing_of_eyes,none,none,none,none,none,none,none,none,none
hepatitis d,joint_pain,vomiting,fatigue,yellowish_skin,dark_urine,loss_of_appetite,abdominal_pain,yellowing_of_eyes,none,none,none,none,none,none,none,none,none
hepatitis d,joint_pain,vomiting,fatigue,yellowish_skin,dark_urine,nausea,abdominal_pain,yellowing_of_eyes,none,none,none,none,none,none,none,none,none
hepatitis d,joint_pain,vomiting,fatigue,yellowish_skin,dark_urine,nausea,loss_of_appetite,yellowing_of_eyes,none,none,none,none,none,none,none,none,none
hepatitis d,joint_pain,vomiting,fatigue,yellowish_skin,dark_urine,nausea,loss_of_appetite,abdominal_pain,none,none,none,none,none,none,none,none,none
hepatitis e,joint_pain,vomiting,fatigue,high_fever,yellowish_skin,dark_urine,nausea,loss_of_appetite,abdominal_pain,yellowing_of_eyes,coma,stomach_bleeding,none,none,none,none,none
hepatitis e,joint_pain,vomiting,fatigue,high_fever,yellowish_skin,dark_urine,nausea,loss_of_appetite,abdominal_pain,yellowing_of_eyes,acute_liver_failure,coma,stomach_bleeding,none,none,none,none
hepatitis e,vomiting,fatigue,high_fever,yellowish_skin,dark_urine,nausea,loss_of_appetite,abdominal_pain,yellowing_of_eyes,acute_liver_failure,coma,stomach_bleeding,none,none,none,none,none
hepatitis e,joint_pain,fatigue,high_fever,yellowish_skin,dark_urine,nausea,loss_of_appetite,abdominal_pain,yellowing_of_eyes,acute_liver_failure,coma,stomach_bleeding,none,none,none,none,none
hepatitis e,joint_pain,vomiting,high_fever,yellowish_skin,dark_urine,nausea,loss_of_appetite,abdominal_pain,yellowing_of_eyes,acute_liver_failure,coma,stomach_bleeding,none,none,none,none,none
hepatitis e,joint_pain,vomiting,fatigue,yellowish_skin,dark_urine,nausea,loss_of_appetite,abdominal_pain,yellowing_of_eyes,acute_liver_failure,coma,stomach_bleeding,none,none,none,none,none
hepatitis e,joint_pain,vomiting,fatigue,high_fever,dark_urine,nausea,loss_of_appetite,abdominal_pain,yellowing_of_eyes,acute_liver_failure,coma,stomach_bleeding,none,none,none,none,none
hepatitis e,joint_pain,vomiting,fatigue,high_fever,yellowish_skin,nausea,loss_of_appetite,abdominal_pain,yellowing_of_eyes,acute_liver_failure,coma,stomach_bleeding,none,none,none,none,none
hepatitis e,joint_pain,vomiting,fatigue,high_fever,yellowish_skin,dark_urine,loss_of_appetite,abdominal_pain,yellowing_of_eyes,acute_liver_failure,coma,stomach_bleeding,none,none,none,none,none
alcoholic hepatitis,vomiting,yellowish_skin,abdominal_pain,swelling_of_stomach,distention_of_abdomen,history_of_alcohol_consumption,fluid_overload,none,none,none,none,none,none,none,none,none,none
alcoholic hepatitis,yellowish_skin,abdominal_pain,swelling_of_stomach,distention_of_abdomen,history_of_alcohol_consumption,fluid_overload,none,none,none,none,none,none,none,none,none,none,none
alcoholic hepatitis,vomiting,abdominal_pain,swelling_of_stomach,distention_of_abdomen,history_of_alcohol_consumption,fluid_overload,none,none,none,none,none,none,none,none,none,none,none
alcoholic hepatitis,vomiting,yellowish_skin,swelling_of_stomach,distention_of_abdomen,history_of_alcohol_consumption,fluid_overload,none,none,none,none,none,none,none,none,none,none,none
alcoholic hepatitis,vomiting,yellowish_skin,abdominal_pain,distention_of_abdomen,history_of_alcohol_consumption,fluid_overload,none,none,none,none,none,none,none,none,none,none,none
alcoholic hepatitis,vomiting,yellowish_skin,abdominal_pain,swelling_of_stomach,history_of_alcohol_consumption,fluid_overload,none,none,none,none,none,none,none,none,none,none,none
alcoholic hepatitis,vomiting,yellowish_skin,abdominal_pain,swelling_of_stomach,distention_of_abdomen,fluid_overload,none,none,none,none,none,none,none,none,none,none,none
alcoholic hepatitis,vomiting,yellowish_skin,abdominal_pain,swelling_of_stomach,distention_of_abdomen,history_of_alcohol_consumption,none,none,none,none,none,none,none,none,none,none,none
tuberculosis,chills,vomiting,fatigue,weight_loss,cough,high_fever,breathlessness,sweating,loss_of_appetite,mild_fever,yellowing_of_eyes,swelled_lymph_nodes,malaise,phlegm,chest_pain,blood_in_sputum,none
tuberculosis,vomiting,fatigue,weight_loss,cough,high_fever,breathlessness,sweating,loss_of_appetite,mild_fever,yellowing_of_eyes,swelled_lymph_nodes,malaise,phlegm,chest_pain,blood_in_sputum,none,none
tuberculosis,chills,fatigue,weight_loss,cough,high_fever,breathlessness,sweating,loss_of_appetite,mild_fever,yellowing_of_eyes,swelled_lymph_nodes,malaise,phlegm,chest_pain,blood_in_sputum,none,none
tuberculosis,chills,vomiting,weight_loss,cough,high_fever,breathlessness,sweating,loss_of_appetite,mild_fever,yellowing_of_eyes,swelled_lymph_nodes,malaise,phlegm,chest_pain,blood_in_sputum,none,none
tuberculosis,chills,vomiting,fatigue,cough,high_fever,breathlessness,sweating,loss_of_appetite,mild_fever,yellowing_of_eyes,swelled_lymph_nodes,malaise,phlegm,chest_pain,blood_in_sputum,none,none
tuberculosis,chills,vomiting,fatigue,weight_loss,high_fever,breathlessness,sweating,loss_of_appetite,mild_fever,yellowing_of_eyes,swelled_lymph_nodes,malaise,phlegm,chest_pain,blood_in_sputum,none,none
tuberculosis,chills,vomiting,fatigue,weight_loss,cough,breathlessness,sweating,loss_of_appetite,mild_fever,yellowing_of_eyes,swelled_lymph_nodes,malaise,phlegm,chest_pain,blood_in_sputum,none,none
tuberculosis,chills,vomiting,fatigue,weight_loss,cough,high_fever,sweating,loss_of_appetite,mild_fever,yellowing_of_eyes,swelled_lymph_nodes,malaise,phlegm,chest_pain,blood_in_sputum,none,none
tuberculosis,chills,vomiting,fatigue,weight_loss,cough,high_fever,breathlessness,loss_of_appetite,mild_fever,yellowing_of_eyes,swelled_lymph_nodes,malaise,phlegm,chest_pain,blood_in_sputum,none,none
common cold,continuous_sneezing,chills,fatigue,cough,high_fever,headache,swelled_lymph_nodes,malaise,phlegm,throat_irritation,redness_of_eyes,sinus_pressure,runny_nose,congestion,chest_pain,loss_of_smell,muscle_pain
common cold,chills,fatigue,cough,high_fever,headache,swelled_lymph_nodes,malaise,phlegm,throat_irritation,redness_of_eyes,sinus_pressure,runny_nose,congestion,chest_pain,loss_of_smell,muscle_pain,none
common cold,continuous_sneezing,fatigue,cough,high_fever,headache,swelled_lymph_nodes,malaise,phlegm,throat_irritation,redness_of_eyes,sinus_pressure,runny_nose,congestion,chest_pain,loss_of_smell,muscle_pain,none
common cold,continuous_sneezing,chills,cough,high_fever,headache,swelled_lymph_nodes,malaise,phlegm,throat_irritation,redness_of_eyes,sinus_pressure,runny_nose,congestion,chest_pain,loss_of_smell,muscle_pain,none
common cold,continuous_sneezing,chills,fatigue,high_fever,headache,swelled_lymph_nodes,malaise,phlegm,throat_irritation,redness_of_eyes,sinus_pressure,runny_nose,congestion,chest_pain,loss_of_smell,muscle_pain,none
common cold,continuous_sneezing,chills,fatigue,cough,headache,swelled_lymph_nodes,malaise,phlegm,throat_irritation,redness_of_eyes,sinus_pressure,runny_nose,congestion,chest_pain,loss_of_smell,muscle_pain,none
common cold,continuous_sneezing,chills,fatigue,cough,high_fever,swelled_lymph_nodes,malaise,phlegm,throat_irritation,redness_of_eyes,sinus_pressure,runny_nose,congestion,chest_pain,loss_of_smell,muscle_pain,none
common cold,continuous_sneezing,chills,fatigue,cough,high_fever,headache,malaise,phlegm,throat_irritation,redness_of_eyes,sinus_pressure,runny_nose,congestion,chest_pain,loss_of_smell,muscle_pain,none
common cold,continuous_sneezing,chills,fatigue,cough,high_fever,headache,swelled_lymph_nodes,phlegm,throat_irritation,redness_of_eyes,sinus_pressure,runny_nose,congestion,chest_pain,loss_of_smell,muscle_pain,none
pneumonia,chills,fatigue,cough,high_fever,breathlessness,sweating,malaise,chest_pain,fast_heart_rate,rusty_sputum,none,none,none,none,none,none,none
pneumonia,chills,fatigue,cough,high_fever,breathlessness,sweating,malaise,phlegm,chest_pain,fast_heart_rate,rusty_sputum,none,none,none,none,none,none
pneumonia,fatigue,cough,high_fever,breathlessness,sweating,malaise,phlegm,chest_pain,fast_heart_rate,rusty_sputum,none,none,none,none,none,none,none
pneumonia,chills,cough,high_fever,breathlessness,sweating,malaise,phlegm,chest_pain,fast_heart_rate,rusty_sputum,none,none,none,none,none,none,none
pneumonia,chills,fatigue,high_fever,breathlessness,sweating,malaise,phlegm,chest_pain,fast_heart_rate,rusty_sputum,none,none,none,none,none,none,none
pneumonia,chills,fatigue,cough,breathlessness,sweating,malaise,phlegm,chest_pain,fast_heart_rate,rusty_sputum,none,none,none,none,none,none,none
pneumonia,chills,fatigue,cough,high_fever,sweating,malaise,phlegm,chest_pain,fast_heart_rate,rusty_sputum,none,none,none,none,none,none,none
pneumonia,chills,fatigue,cough,high_fever,breathlessness,malaise,phlegm,chest_pain,fast_heart_rate,rusty_sputum,none,none,none,none,none,none,none
pneumonia,chills,fatigue,cough,high_fever,breathlessness,sweating,phlegm,chest_pain,fast_heart_rate,rusty_sputum,none,none,none,none,none,none,none
dimorphic hemmorhoids(piles),constipation,pain_during_bowel_movements,pain_in_anal_region,bloody_stool,irritation_in_anus,none,none,none,none,none,none,none,none,none,none,none,none
dimorphic hemmorhoids(piles),pain_during_bowel_movements,pain_in_anal_region,bloody_stool,irritation_in_anus,none,none,none,none,none,none,none,none,none,none,none,none,none
dimorphic hemmorhoids(piles),constipation,pain_in_anal_region,bloody_stool,irritation_in_anus,none,none,none,none,none,none,none,none,none,none,none,none,none
dimorphic hemmorhoids(piles),constipation,pain_during_bowel_movements,bloody_stool,irritation_in_anus,none,none,none,none,none,none,none,none,none,none,none,none,none
dimorphic hemmorhoids(piles),constipation,pain_during_bowel_movements,pain_in_anal_region,irritation_in_anus,none,none,none,none,none,none,none,none,none,none,none,none,none
dimorphic hemmorhoids(piles),constipation,pain_during_bowel_movements,pain_in_anal_region,bloody_stool,none,none,none,none,none,none,none,none,none,none,none,none,none
heart attack,vomiting,breathlessness,sweating,chest_pain,none,none,none,none,none,none,none,none,none,none,none,none,none
heart attack,breathlessness,sweating,chest_pain,none,none,none,none,none,none,none,none,none,none,none,none,none,none
heart attack,vomiting,sweating,chest_pain,none,none,none,none,none,none,none,none,none,none,none,none,none,none
heart attack,vomiting,breathlessness,chest_pain,none,none,none,none,none,none,none,none,none,none,none,none,none,none
heart attack,vomiting,breathlessness,sweating,none,none,none,none,none,none,none,none,none,none,none,none,none,none
varicose veins,fatigue,cramps,bruising,obesity,swollen_legs,swollen_blood_vessels,prominent_veins_on_calf,none,none,none,none,none,none,none,none,none,none
varicose veins,cramps,bruising,obesity,swollen_legs,swollen_blood_vessels,prominent_veins_on_calf,none,none,none,none,none,none,none,none,none,none,none
varicose veins,fatigue,bruising,obesity,swollen_legs,swollen_blood_vessels,prominent_veins_on_calf,none,none,none,none,none,none,none,none,none,none,none
varicose veins,fatigue,cramps,obesity,swollen_legs,swollen_blood_vessels,prominent_veins_on_calf,none,none,none,none,none,none,none,none,none,none,none
varicose veins,fatigue,cramps,bruising,swollen_legs,swollen_blood_vessels,prominent_veins_on_calf,none,none,none,none,none,none,none,none,none,none,none
varicose veins,fatigue,cramps,bruising,obesity,swollen_blood_vessels,prominent_veins_on_calf,none,none,none,none,none,none,none,none,none,none,none
varicose veins,fatigue,cramps,bruising,obesity,swollen_legs,prominent_veins_on_calf,none,none,none,none,none,none,none,none,none,none,none
varicose veins,fatigue,cramps,bruising,obesity,swollen_legs,swollen_blood_vessels,none,none,none,none,none,none,none,none,none,none,none
hypothyroidism,fatigue,weight_gain,cold_hands_and_feets,mood_swings,lethargy,dizziness,puffy_face_and_eyes,enlarged_thyroid,brittle_nails,swollen_extremeties,depression,irritability,abnormal_menstruation,none,none,none,none
hypothyroidism,weight_gain,cold_hands_and_feets,mood_swings,lethargy,dizziness,puffy_face_and_eyes,enlarged_thyroid,brittle_nails,swollen_extremeties,depression,irritability,abnormal_menstruation,none,none,none,none,none
hypothyroidism,fatigue,cold_hands_and_feets,mood_swings,lethargy,dizziness,puffy_face_and_eyes,enlarged_thyroid,brittle_nails,swollen_extremeties,depression,irritability,abnormal_menstruation,none,none,none,none,none
hypothyroidism,fatigue,weight_gain,mood_swings,lethargy,dizziness,puffy_face_and_eyes,enlarged_thyroid,brittle_nails,swollen_extremeties,depression,irritability,abnormal_menstruation,none,none,none,none,none
hypothyroidism,fatigue,weight_gain,cold_hands_and_feets,lethargy,dizziness,puffy_face_and_eyes,enlarged_thyroid,brittle_nails,swollen_extremeties,depression,irritability,abnormal_menstruation,none,none,none,none,none
hypothyroidism,fatigue,weight_gain,cold_hands_and_feets,mood_swings,dizziness,puffy_face_and_eyes,enlarged_thyroid,brittle_nails,swollen_extremeties,depression,irritability,abnormal_menstruation,none,none,none,none,none
hypothyroidism,fatigue,weight_gain,cold_hands_and_feets,mood_swings,lethargy,puffy_face_and_eyes,enlarged_thyroid,brittle_nails,swollen_extremeties,depression,irritability,abnormal_menstruation,none,none,none,none,none
hypothyroidism,fatigue,weight_gain,cold_hands_and_feets,mood_swings,lethargy,dizziness,enlarged_thyroid,brittle_nails,swollen_extremeties,depression,irritability,abnormal_menstruation,none,none,none,none,none
hyperthyroidism,fatigue,mood_swings,weight_loss,restlessness,sweating,diarrhoea,fast_heart_rate,excessive_hunger,muscle_weakness,irritability,abnormal_menstruation,none,none,none,none,none,none
hyperthyroidism,mood_swings,weight_loss,restlessness,sweating,diarrhoea,fast_heart_rate,excessive_hunger,muscle_weakness,irritability,abnormal_menstruation,none,none,none,none,none,none,none
hyperthyroidism,fatigue,weight_loss,restlessness,sweating,diarrhoea,fast_heart_rate,excessive_hunger,muscle_weakness,irritability,abnormal_menstruation,none,none,none,none,none,none,none
hyperthyroidism,fatigue,mood_swings,restlessness,sweating,diarrhoea,fast_heart_rate,excessive_hunger,muscle_weakness,irritability,abnormal_menstruation,none,none,none,none,none,none,none
hyperthyroidism,fatigue,mood_swings,weight_loss,sweating,diarrhoea,fast_heart_rate,excessive_hunger,muscle_weakness,irritability,abnormal_menstruation,none,none,none,none,none,none,none
hyperthyroidism,fatigue,mood_swings,weight_loss,restlessness,diarrhoea,fast_heart_rate,excessive_hunger,muscle_weakness,irritability,abnormal_menstruation,none,none,none,none,none,none,none
hyperthyroidism,fatigue,mood_swings,weight_loss,restlessness,sweating,fast_heart_rate,excessive_hunger,muscle_weakness,irritability,abnormal_menstruation,none,none,none,none,none,none,none
hyperthyroidism,fatigue,mood_swings,weight_loss,restlessness,sweating,diarrhoea,excessive_hunger,muscle_weakness,irritability,abnormal_menstruation,none,none,none,none,none,none,none
hyperthyroidism,fatigue,mood_swings,weight_loss,restlessness,sweating,diarrhoea,fast_heart_rate,muscle_weakness,irritability,abnormal_menstruation,none,none,none,none,none,none,none
hypoglycemia,vomiting,fatigue,anxiety,sweating,headache,nausea,blurred_and_distorted_vision,excessive_hunger,slurred_speech,irritability,palpitations,none,none,none,none,none,none
hypoglycemia,vomiting,fatigue,anxiety,sweating,headache,nausea,blurred_and_distorted_vision,excessive_hunger,drying_and_tingling_lips,slurred_speech,irritability,palpitations,none,none,none,none,none
hypoglycemia,fatigue,anxiety,sweating,headache,nausea,blurred_and_distorted_vision,excessive_hunger,drying_and_tingling_lips,slurred_speech,irritability,palpitations,none,none,none,none,none,none
hypoglycemia,vomiting,anxiety,sweating,headache,nausea,blurred_and_distorted_vision,excessive_hunger,drying_and_tingling_lips,slurred_speech,irritability,palpitations,none,none,none,none,none,none
hypoglycemia,vomiting,fatigue,sweating,headache,nausea,blurred_and_distorted_vision,excessive_hunger,drying_and_tingling_lips,slurred_speech,irritability,palpitations,none,none,none,none,none,none
hypoglycemia,vomiting,fatigue,anxiety,headache,nausea,blurred_and_distorted_vision,excessive_hunger,drying_and_tingling_lips,slurred_speech,irritability,palpitations,none,none,none,none,none,none
hypoglycemia,vomiting,fatigue,anxiety,sweating,nausea,blurred_and_distorted_vision,excessive_hunger,drying_and_tingling_lips,slurred_speech,irritability,palpitations,none,none,none,none,none,none
hypoglycemia,vomiting,fatigue,anxiety,sweating,headache,blurred_and_distorted_vision,excessive_hunger,drying_and_tingling_lips,slurred_speech,irritability,palpitations,none,none,none,none,none,none
hypoglycemia,vomiting,fatigue,anxiety,sweating,headache,nausea,excessive_hunger,drying_and_tingling_lips,slurred_speech,irritability,palpitations,none,none,none,none,none,none
osteoarthristis,joint_pain,neck_pain,knee_pain,hip_joint_pain,swelling_joints,painful_walking,none,none,none,none,none,none,none,none,none,none,none
osteoarthristis,neck_pain,knee_pain,hip_joint_pain,swelling_joints,painful_walking,none,none,none,none,none,none,none,none,none,none,none,none
osteoarthristis,joint_pain,knee_pain,hip_joint_pain,swelling_joints,painful_walking,none,none,none,none,none,none,none,none,none,none,none,none
osteoarthristis,joint_pain,neck_pain,hip_joint_pain,swelling_joints,painful_walking,none,none,none,none,none,none,none,none,none,none,none,none
osteoarthristis,joint_pain,neck_pain,knee_pain,swelling_joints,painful_walking,none,none,none,none,none,none,none,none,none,none,none,none
osteoarthristis,joint_pain,neck_pain,knee_pain,hip_joint_pain,painful_walking,none,none,none,none,none,none,none,none,none,none,none,none
osteoarthristis,joint_pain,neck_pain,knee_pain,hip_joint_pain,swelling_joints,none,none,none,none,none,none,none,none,none,none,none,none
arthritis,muscle_weakness,stiff_neck,swelling_joints,movement_stiffness,painful_walking,none,none,none,none,none,none,none,none,none,none,none,none
arthritis,stiff_neck,swelling_joints,movement_stiffness,painful_walking,none,none,none,none,none,none,none,none,none,none,none,none,none
arthritis,muscle_weakness,swelling_joints,movement_stiffness,painful_walking,none,none,none,none,none,none,none,none,none,none,none,none,none
arthritis,muscle_weakness,stiff_neck,movement_stiffness,painful_walking,none,none,none,none,none,none,none,none,none,none,none,none,none
arthritis,muscle_weakness,stiff_neck,swelling_joints,painful_walking,none,none,none,none,none,none,none,none,none,none,none,none,none
arthritis,muscle_weakness,stiff_neck,swelling_joints,movement_stiffness,none,none,none,none,none,none,none,none,none,none,none,none,none
(vertigo) paroymsal  positional vertigo,vomiting,headache,nausea,spinning_movements,loss_of_balance,unsteadiness,none,none,none,none,none,none,none,none,none,none,none
(vertigo) paroymsal  positional vertigo,headache,nausea,spinning_movements,loss_of_balance,unsteadiness,none,none,none,none,none,none,none,none,none,none,none,none
(vertigo) paroymsal  positional vertigo,vomiting,nausea,spinning_movements,loss_of_balance,unsteadiness,none,none,none,none,none,none,none,none,none,none,none,none
(vertigo) paroymsal  positional vertigo,vomiting,headache,spinning_movements,loss_of_balance,unsteadiness,none,none,none,none,none,none,none,none,none,none,none,none
(vertigo) paroymsal  positional vertigo,vomiting,headache,nausea,loss_of_balance,unsteadiness,none,none,none,none,none,none,none,none,none,none,none,none
(vertigo) paroymsal  positional vertigo,vomiting,headache,nausea,spinning_movements,unsteadiness,none,none,none,none,none,none,none,none,none,none,none,none
(vertigo) paroymsal  positional vertigo,vomiting,headache,nausea,spinning_movements,loss_of_balance,none,none,none,none,none,none,none,none,none,none,none,none
acne,skin_rash,pus_filled_pimples,blackheads,scurring,none,none,none,none,none,none,none,none,none,none,none,none,none
acne,pus_filled_pimples,blackheads,scurring,none,none,none,none,none,none,none,none,none,none,none,none,none,none
acne,skin_rash,blackheads,scurring,none,none,none,none,none,none,none,none,none,none,none,none,none,none
acne,skin_rash,pus_filled_pimples,scurring,none,none,none,none,none,none,none,none,none,none,none,none,none,none
acne,skin_rash,pus_filled_pimples,blackheads,none,none,none,none,none,none,none,none,none,none,none,none,none,none
urinary tract infection,burning_micturition,bladder_discomfort,foul_smell_of urine,continuous_feel_of_urine,none,none,none,none,none,none,none,none,none,none,none,none,none
urinary tract infection,bladder_discomfort,foul_smell_of urine,continuous_feel_of_urine,none,none,none,none,none,none,none,none,none,none,none,none,none,none
urinary tract infection,burning_micturition,foul_smell_of urine,continuous_feel_of_urine,none,none,none,none,none,none,none,none,none,none,none,none,none,none
urinary tract infection,burning_micturition,bladder_discomfort,continuous_feel_of_urine,none,none,none,none,none,none,none,none,none,none,none,none,none,none
urinary tract infection,burning_micturition,bladder_discomfort,foul_smell_of urine,none,none,none,none,none,none,none,none,none,none,none,none,none,none
psoriasis,skin_rash,joint_pain,skin_peeling,silver_like_dusting,small_dents_in_nails,inflammatory_nails,none,none,none,none,none,none,none,none,none,none,none
psoriasis,joint_pain,skin_peeling,silver_like_dusting,small_dents_in_nails,inflammatory_nails,none,none,none,none,none,none,none,none,none,none,none,none
psoriasis,skin_rash,skin_peeling,silver_like_dusting,small_dents_in_nails,inflammatory_nails,none,none,none,none,none,none,none,none,none,none,none,none
psoriasis,skin_rash,joint_pain,silver_like_dusting,small_dents_in_nails,inflammatory_nails,none,none,none,none,none,none,none,none,none,none,none,none
psoriasis,skin_rash,joint_pain,skin_peeling,small_dents_in_nails,inflammatory_nails,none,none,none,none,none,none,none,none,none,none,none,none
psoriasis,skin_rash,joint_pain,skin_peeling,silver_like_dusting,inflammatory_nails,none,none,none,none,none,none,none,none,none,none,none,none
psoriasis,skin_rash,joint_pain,skin_peeling,silver_like_dusting,small_dents_in_nails,none,none,none,none,none,none,none,none,none,none,none,none
impetigo,skin_rash,high_fever,blister,red_sore_around_nose,yellow_crust_ooze,none,none,none,none,none,none,none,none,none,none,none,none
impetigo,high_fever,blister,red_sore_around_nose,yellow_crust_ooze,none,none,none,none,none,none,none,none,none,none,none,none,none
impetigo,skin_rash,blister,red_sore_around_nose,yellow_crust_ooze,none,none,none,none,none,none,none,none,none,none,none,none,none
impetigo,skin_rash,high_fever,red_sore_around_nose,yellow_crust_ooze,none,none,none,none,none,none,none,none,none,none,none,none,none
impetigo,skin_rash,high_fever,blister,yellow_crust_ooze,none,none,none,none,none,none,none,none,none,none,none,none,none
impetigo,skin_rash,high_fever,blister,red_sore_around_nose,none,none,none,none,none,none,none,none,none,none,none,none,none
